{"cameraMode":{"drawMode":0,"name":"Shaded","section":"Shading Mode"},"sceneLighting":true,"audioPlay":false,"sceneViewState":{"m_AlwaysRefresh":false,"showFog":true,"showSkybox":true,"showFlares":true,"showImageEffects":true,"showParticleSystems":true,"showVisualEffectGraphs":true,"m_FxEnabled":true},"in2DMode":false,"pivot":{"x":16.600000381469728,"y":11.100000381469727,"z":-17.6200008392334},"rotation":{"x":0.22035418450832368,"y":-0.24704696238040925,"z":0.05775073170661926,"w":0.9418679475784302},"size":11.42386245727539,"orthographic":false}